Date,Type,Distance (km),Duration,Average Pace,Average Speed (km/h),Climb (m),Average Heart Rate (bpm),Notes
2018-11-11 14:05:12,Running,10.44,1900-01-01 00:58:40,1900-01-01 00:05:37,10.68,130,159,missing
2018-11-09 15:02:35,Running,12.84,1900-01-01 01:14:12,1900-01-01 00:05:47,10.39,168,159,missing
2018-11-04 16:05:00,Running,13.01,1900-01-01 01:15:16,1900-01-01 00:05:47,10.37,171,155,missing
2018-11-01 14:03:58,Running,12.98,1900-01-01 01:14:25,1900-01-01 00:05:44,10.47,169,158,missing
2018-10-27 17:01:36,Running,13.02,1900-01-01 01:12:50,1900-01-01 00:05:36,10.73,170,154,missing
2018-10-19 17:52:32,Running,10.29,1900-01-01 00:59:18,1900-01-01 00:05:46,10.41,133,155,missing
2018-10-14 17:28:56,Running,12.93,1900-01-01 01:10:16,1900-01-01 00:05:26,11.04,159,158,missing
2018-10-12 17:41:58,Running,12.31,1900-01-01 01:09:26,1900-01-01 00:05:38,10.64,134,157,missing
2018-10-06 16:45:02,Cycling,19.63,1900-01-01 01:26:26,1900-01-01 00:04:24,13.63,210,79,missing
2018-09-30 16:52:34,Running,12.97,1900-01-01 01:13:56,1900-01-01 00:05:42,10.52,171,156,missing
2018-09-16 14:55:03,Cycling,32.61,1900-01-01 01:55:15,1900-01-01 00:03:32,16.98,462,118,missing
2018-09-02 17:24:28,Other,17.65,1900-01-01 01:01:28,1900-01-01 00:03:29,17.23,219,77,missing
2018-09-01 17:06:15,Cycling,36.89,1900-01-01 01:58:39,1900-01-01 00:03:13,18.65,491,122,missing
2018-08-28 18:44:33,Cycling,28.17,1900-01-01 01:27:07,1900-01-01 00:03:06,19.4,400,111,missing
2018-08-25 17:18:32,Cycling,19.41,1900-01-01 01:11:33,1900-01-01 00:03:41,16.28,199,124,missing
2018-08-22 18:25:22,Running,4.38,1900-01-01 00:33:55,1900-01-01 00:07:45,7.75,60,138,missing
2018-08-12 17:37:17,Running,22.09,1900-01-01 02:13:22,1900-01-01 00:06:02,9.94,342,148,missing
2018-08-08 18:44:59,Running,15.27,1900-01-01 01:19:37,1900-01-01 00:05:13,11.51,241,150,missing
2018-08-05 10:17:10,Running,18.7,1900-01-01 01:49:19,1900-01-01 00:05:51,10.26,280,150,missing
2018-08-01 18:20:26,Running,18.2,1900-01-01 01:43:05,1900-01-01 00:05:40,10.59,259,145,missing
2018-07-31 18:25:24,Other,16.8,1900-01-01 01:07:21,1900-01-01 00:04:01,14.97,202,94,missing
2018-07-30 18:18:47,Running,17.87,1900-01-01 01:44:00,1900-01-01 00:05:49,10.31,261,141,TomTom MySports Watch
2018-07-27 11:43:03,Running,12.71,1900-01-01 01:14:51,1900-01-01 00:05:53,10.19,180,145,TomTom MySports Watch
2018-07-20 08:01:51,Running,11.01,1900-01-01 00:59:18,1900-01-01 00:05:23,11.14,85,143,missing
2018-07-18 08:08:39,Running,11.04,1900-01-01 00:55:41,1900-01-01 00:05:03,11.9,87,143,missing
2018-07-13 17:43:20,Running,17.96,1900-01-01 01:41:36,1900-01-01 00:05:40,10.6,258,145,TomTom MySports Watch
2018-07-07 16:02:30,Running,17.85,1900-01-01 01:37:40,1900-01-01 00:05:28,10.97,266,149,TomTom MySports Watch
2018-07-03 18:00:05,Running,18.75,1900-01-01 01:41:30,1900-01-01 00:05:25,11.08,300,139,TomTom MySports Watch
2018-06-28 12:24:25,Running,17.95,1900-01-01 01:36:59,1900-01-01 00:05:24,11.1,260,148,TomTom MySports Watch
2018-06-25 18:11:12,Running,18.72,1900-01-01 01:39:27,1900-01-01 00:05:19,11.3,301,142,TomTom MySports Watch
2018-06-21 18:03:18,Running,14.38,1900-01-01 01:15:59,1900-01-01 00:05:17,11.36,211,145,TomTom MySports Watch
2018-06-18 18:17:49,Running,11.63,1900-01-01 01:02:52,1900-01-01 00:05:24,11.1,145,141,TomTom MySports Watch
2018-06-16 17:29:00,Running,14.95,1900-01-01 01:19:03,1900-01-01 00:05:17,11.35,243,147,TomTom MySports Watch
2018-06-13 18:50:49,Running,12.75,1900-01-01 01:07:30,1900-01-01 00:05:18,11.34,173,147,TomTom MySports Watch
2018-06-11 18:23:11,Running,15.74,1900-01-01 01:22:58,1900-01-01 00:05:16,11.38,209,147,TomTom MySports Watch
2018-06-06 18:44:29,Running,12.78,1900-01-01 01:07:56,1900-01-01 00:05:19,11.29,170,143,TomTom MySports Watch
2018-06-03 17:21:51,Running,17.58,1900-01-01 01:33:29,1900-01-01 00:05:19,11.28,235,149,TomTom MySports Watch
2018-05-30 18:48:00,Running,12.81,1900-01-01 01:08:12,1900-01-01 00:05:20,11.27,172,147,TomTom MySports Watch
2018-05-27 17:31:09,Running,21.73,1900-01-01 02:03:22,1900-01-01 00:05:41,10.57,343,140,TomTom MySports Watch
2018-05-23 18:13:17,Running,15.59,1900-01-01 01:20:32,1900-01-01 00:05:10,11.62,208,158,TomTom MySports Watch
2018-05-21 18:29:35,Running,12.79,1900-01-01 01:07:03,1900-01-01 00:05:15,11.44,168,144,TomTom MySports Watch
2018-05-18 18:38:50,Running,12.79,1900-01-01 01:05:52,1900-01-01 00:05:09,11.66,168,147,TomTom MySports Watch
2018-05-15 18:56:19,Running,12.8,1900-01-01 01:05:52,1900-01-01 00:05:09,11.66,167,148,TomTom MySports Watch
2018-05-09 18:03:20,Running,12.76,1900-01-01 01:08:31,1900-01-01 00:05:22,11.18,170,143,TomTom MySports Watch
2018-05-05 11:43:10,Running,15.38,1900-01-01 01:30:56,1900-01-01 00:05:55,10.15,234,152,TomTom MySports Watch
2018-05-02 18:22:09,Running,12.77,1900-01-01 01:07:59,1900-01-01 00:05:19,11.27,174,147,TomTom MySports Watch
2018-04-29 16:53:30,Running,15.0,1900-01-01 01:25:03,1900-01-01 00:05:40,10.58,245,149,TomTom MySports Watch
2018-04-24 18:17:23,Running,12.84,1900-01-01 01:08:48,1900-01-01 00:05:22,11.2,171,143,TomTom MySports Watch
2018-04-21 18:18:13,Running,12.7,1900-01-01 01:07:12,1900-01-01 00:05:18,11.34,171,148,TomTom MySports Watch
2018-04-18 18:16:49,Running,12.84,1900-01-01 01:06:56,1900-01-01 00:05:13,11.51,172,146,TomTom MySports Watch
2018-04-15 11:32:26,Running,12.76,1900-01-01 01:07:57,1900-01-01 00:05:20,11.26,169,154,TomTom MySports Watch
2018-04-13 18:37:12,Running,12.9,1900-01-01 01:07:47,1900-01-01 00:05:15,11.42,169,147,TomTom MySports Watch
2018-04-11 18:17:35,Running,12.82,1900-01-01 01:07:10,1900-01-01 00:05:14,11.45,173,147,TomTom MySports Watch
2018-04-08 11:41:49,Running,16.48,1900-01-01 01:31:35,1900-01-01 00:05:33,10.8,236,164,TomTom MySports Watch
2018-04-06 18:01:30,Running,12.75,1900-01-01 01:10:54,1900-01-01 00:05:34,10.79,170,154,TomTom MySports Watch
2018-04-03 18:43:05,Running,8.32,1900-01-01 00:46:53,1900-01-01 00:05:38,10.65,135,143,TomTom MySports Watch
2018-03-26 18:33:12,Running,11.82,1900-01-01 01:05:28,1900-01-01 00:05:32,10.83,202,150,TomTom MySports Watch
2018-03-21 18:57:05,Running,6.4,1900-01-01 00:37:41,1900-01-01 00:05:53,10.19,116,137,TomTom MySports Watch
2018-03-18 18:14:45,Running,10.36,1900-01-01 01:00:17,1900-01-01 00:05:49,10.31,188,147,TomTom MySports Watch
2018-03-15 18:31:35,Running,10.15,1900-01-01 00:58:40,1900-01-01 00:05:47,10.38,182,149,TomTom MySports Watch
2018-02-19 18:28:16,Running,10.42,1900-01-01 01:00:10,1900-01-01 00:05:46,10.39,174,143,TomTom MySports Watch
2018-02-15 19:11:33,Running,10.27,1900-01-01 01:00:19,1900-01-01 00:05:52,10.22,174,146,TomTom MySports Watch
2018-02-13 18:27:44,Running,10.6,1900-01-01 01:01:20,1900-01-01 00:05:47,10.37,179,146,TomTom MySports Watch
2018-02-04 17:47:37,Running,10.08,1900-01-01 00:58:57,1900-01-01 00:05:51,10.26,175,141,TomTom MySports Watch
2018-01-28 13:23:30,Running,13.0,1900-01-01 01:13:42,1900-01-01 00:05:40,10.59,174,152,TomTom MySports Watch
2018-01-24 18:13:26,Running,11.59,1900-01-01 01:10:30,1900-01-01 00:06:05,9.86,196,143,TomTom MySports Watch
2018-01-21 11:46:12,Running,10.52,1900-01-01 01:00:59,1900-01-01 00:05:48,10.35,153,154,TomTom MySports Watch
2018-01-14 12:48:41,Running,13.01,1900-01-01 01:12:44,1900-01-01 00:05:35,10.73,180,153,TomTom MySports Watch
2018-01-08 18:25:42,Running,10.64,1900-01-01 01:03:43,1900-01-01 00:05:59,10.02,182,140,TomTom MySports Watch
2018-01-05 17:45:58,Running,11.4,1900-01-01 01:06:31,1900-01-01 00:05:50,10.28,187,150,TomTom MySports Watch
2018-01-02 17:41:34,Running,11.51,1900-01-01 01:07:45,1900-01-01 00:05:53,10.2,190,150,TomTom MySports Watch
2017-12-30 17:11:53,Running,11.69,1900-01-01 01:10:16,1900-01-01 00:06:01,9.98,192,150,TomTom MySports Watch
2017-12-27 18:50:24,Running,8.29,1900-01-01 00:45:56,1900-01-01 00:05:33,10.83,131,147,TomTom MySports Watch
2017-12-04 18:14:41,Running,10.0,1900-01-01 00:59:43,1900-01-01 00:05:58,10.05,160,142,TomTom MySports Watch
2017-11-25 12:17:22,Running,12.85,1900-01-01 01:10:04,1900-01-01 00:05:27,11.0,176,157,TomTom MySports Watch
2017-11-22 18:21:12,Running,7.55,1900-01-01 00:43:29,1900-01-01 00:05:46,10.42,129,140,TomTom MySports Watch
2017-11-15 18:06:19,Running,10.42,1900-01-01 01:03:00,1900-01-01 00:06:03,9.93,159,139,TomTom MySports Watch
2017-11-09 18:39:48,Running,9.2,1900-01-01 00:53:40,1900-01-01 00:05:50,10.29,155,155,TomTom MySports Watch
2017-11-05 15:48:01,Running,12.78,1900-01-01 01:10:36,1900-01-01 00:05:31,10.86,172,154,TomTom MySports Watch
2017-10-28 16:07:20,Running,12.87,1900-01-01 01:11:13,1900-01-01 00:05:32,10.84,170,148,TomTom MySports Watch
2017-10-19 18:22:10,Running,8.85,1900-01-01 00:50:41,1900-01-01 00:05:44,10.47,144,140,TomTom MySports Watch
2017-10-16 17:09:27,Running,14.9,1900-01-01 01:22:16,1900-01-01 00:05:31,10.86,215,146,TomTom MySports Watch
2017-10-10 18:24:47,Running,8.04,1900-01-01 00:43:22,1900-01-01 00:05:24,11.13,126,146,TomTom MySports Watch
2017-10-07 16:29:17,Running,18.67,1900-01-01 01:48:11,1900-01-01 00:05:48,10.36,297,143,TomTom MySports Watch
2017-10-01 17:55:38,Running,12.76,1900-01-01 01:11:15,1900-01-01 00:05:35,10.74,174,144,TomTom MySports Watch
2017-09-28 18:20:48,Running,12.77,1900-01-01 01:07:38,1900-01-01 00:05:18,11.33,171,143,TomTom MySports Watch
2017-09-25 18:39:09,Running,12.75,1900-01-01 01:06:43,1900-01-01 00:05:14,11.46,169,148,TomTom MySports Watch
2017-09-22 12:27:14,Cycling,49.18,1900-01-01 02:42:32,1900-01-01 00:03:18,18.15,367,143,missing
2017-09-19 16:24:08,Running,17.77,1900-01-01 01:39:39,1900-01-01 00:05:36,10.7,257,139,TomTom MySports Watch
2017-09-16 17:26:25,Running,18.6,1900-01-01 01:43:09,1900-01-01 00:05:33,10.82,313,138,TomTom MySports Watch
2017-09-10 16:57:56,Running,23.64,1900-01-01 02:16:31,1900-01-01 00:05:47,10.39,394,142,TomTom MySports Watch
2017-09-07 18:44:44,Running,8.5,1900-01-01 00:44:32,1900-01-01 00:05:14,11.45,88,141,TomTom MySports Watch
2017-09-05 18:34:21,Running,12.77,1900-01-01 01:06:15,1900-01-01 00:05:11,11.56,127,152,TomTom MySports Watch
2017-09-03 17:20:20,Running,23.8,1900-01-01 02:11:00,1900-01-01 00:05:30,10.9,384,151,TomTom MySports Watch
2017-08-31 18:44:27,Running,12.79,1900-01-01 01:06:39,1900-01-01 00:05:13,11.51,169,142,TomTom MySports Watch
2017-08-29 18:36:14,Running,12.7,1900-01-01 01:07:42,1900-01-01 00:05:20,11.25,127,147,TomTom MySports Watch
2017-08-19 18:01:57,Running,23.62,1900-01-01 02:17:14,1900-01-01 00:05:49,10.33,377,138,TomTom MySports Watch
2017-08-17 18:36:00,Cycling,15.53,1900-01-01 00:40:04,1900-01-01 00:02:35,23.25,164,138,TomTom MySports Watch
2017-08-16 19:00:40,Running,12.79,1900-01-01 01:07:40,1900-01-01 00:05:17,11.34,170,148,TomTom MySports Watch
2017-08-14 18:01:38,Running,12.77,1900-01-01 01:08:40,1900-01-01 00:05:23,11.16,171,142,TomTom MySports Watch
2017-08-10 18:28:54,Running,8.43,1900-01-01 00:43:48,1900-01-01 00:05:12,11.54,86,147,TomTom MySports Watch
2017-08-08 18:39:14,Running,12.56,1900-01-01 00:59:37,1900-01-01 00:04:45,12.64,121,158,TomTom MySports Watch
2017-08-05 17:14:00,Running,18.6,1900-01-01 01:44:22,1900-01-01 00:05:37,10.69,295,142,missing
2017-08-01 18:39:42,Running,8.4,1900-01-01 00:42:50,1900-01-01 00:05:06,11.77,83,156,TomTom MySports Watch
2017-07-30 17:24:23,Running,18.58,1900-01-01 01:45:15,1900-01-01 00:05:40,10.59,307,145,TomTom MySports Watch
2017-07-23 17:14:16,Running,18.71,1900-01-01 01:39:26,1900-01-01 00:05:19,11.29,298,144,TomTom MySports Watch
2017-07-19 18:50:31,Running,12.8,1900-01-01 01:08:04,1900-01-01 00:05:19,11.28,170,143,TomTom MySports Watch
2017-07-16 10:34:21,Running,18.54,1900-01-01 01:44:22,1900-01-01 00:05:38,10.66,295,142,TomTom MySports Watch
2017-07-10 18:26:02,Running,12.6,1900-01-01 01:04:42,1900-01-01 00:05:08,11.68,124,155,TomTom MySports Watch
2017-07-08 16:26:43,Running,23.59,1900-01-01 02:13:08,1900-01-01 00:05:39,10.63,390,143,TomTom MySports Watch
2017-07-05 18:53:40,Running,12.78,1900-01-01 01:07:52,1900-01-01 00:05:19,11.3,173,140,TomTom MySports Watch
2017-07-02 18:34:53,Running,10.25,1900-01-01 00:58:05,1900-01-01 00:05:40,10.59,130,138,TomTom MySports Watch
2017-07-02 17:15:47,Running,13.39,1900-01-01 01:16:21,1900-01-01 00:05:42,10.52,248,136,TomTom MySports Watch
2017-06-28 18:24:55,Running,12.7,1900-01-01 01:07:16,1900-01-01 00:05:18,11.33,171,147,TomTom MySports Watch
2017-06-25 15:57:36,Running,21.27,1900-01-01 02:04:36,1900-01-01 00:05:51,10.24,340,145,TomTom MySports Watch
2017-06-21 18:42:29,Running,12.72,1900-01-01 01:09:23,1900-01-01 00:05:27,11.0,175,139,TomTom MySports Watch
2017-06-17 10:13:45,Running,14.87,1900-01-01 01:25:46,1900-01-01 00:05:46,10.41,247,143,TomTom MySports Watch
2017-06-15 18:54:32,Running,12.8,1900-01-01 01:06:15,1900-01-01 00:05:10,11.59,128,147,TomTom MySports Watch
2017-06-12 18:25:58,Running,12.67,1900-01-01 01:05:58,1900-01-01 00:05:12,11.53,128,148,TomTom MySports Watch
2017-06-04 16:01:52,Running,21.02,1900-01-01 02:02:14,1900-01-01 00:05:49,10.32,330,138,TomTom MySports Watch
2017-06-01 19:00:16,Running,8.65,1900-01-01 00:45:28,1900-01-01 00:05:15,11.41,88,143,TomTom MySports Watch
2017-05-30 18:19:20,Running,8.42,1900-01-01 00:42:48,1900-01-01 00:05:05,11.8,85,154,TomTom MySports Watch
2017-05-28 16:42:07,Running,21.11,1900-01-01 01:58:50,1900-01-01 00:05:38,10.66,337,143,TomTom MySports Watch
2017-05-24 18:23:30,Running,12.74,1900-01-01 01:09:47,1900-01-01 00:05:29,10.95,171,140,TomTom MySports Watch
2017-05-21 12:18:56,Running,22.07,1900-01-01 02:06:18,1900-01-01 00:05:43,10.48,354,146,TomTom MySports Watch
2017-05-17 18:18:34,Running,13.82,1900-01-01 01:10:59,1900-01-01 00:05:08,11.68,128,143,missing
2017-05-15 18:25:55,Running,16.83,1900-01-01 01:24:48,1900-01-01 00:05:02,11.91,167,151,TomTom MySports Watch
2017-05-10 18:40:04,Running,8.53,1900-01-01 00:43:24,1900-01-01 00:05:05,11.79,87,146,TomTom MySports Watch
2017-05-03 18:32:01,Running,12.43,1900-01-01 01:04:04,1900-01-01 00:05:09,11.64,125,151,TomTom MySports Watch
2017-05-01 17:38:35,Cycling,20.19,1900-01-01 00:54:29,1900-01-01 00:02:42,22.24,204,135,TomTom MySports Watch
2017-04-29 17:05:47,Running,21.18,1900-01-01 02:02:14,1900-01-01 00:05:46,10.39,343,142,TomTom MySports Watch
2017-04-25 18:44:32,Running,8.68,1900-01-01 00:44:46,1900-01-01 00:05:09,11.63,86,150,TomTom MySports Watch
2017-04-23 11:50:12,Running,19.27,1900-01-01 01:50:24,1900-01-01 00:05:44,10.47,305,149,TomTom MySports Watch
2017-04-17 16:20:08,Running,15.0,1900-01-01 01:21:03,1900-01-01 00:05:24,11.1,222,147,TomTom MySports Watch
2017-04-13 19:04:16,Running,8.58,1900-01-01 00:46:21,1900-01-01 00:05:24,11.1,88,145,TomTom MySports Watch
2017-04-10 18:46:56,Running,12.72,1900-01-01 01:07:05,1900-01-01 00:05:16,11.38,122,146,TomTom MySports Watch
2017-04-06 19:07:46,Running,8.65,1900-01-01 00:42:24,1900-01-01 00:04:54,12.25,87,156,TomTom MySports Watch
2017-04-04 18:31:11,Running,8.61,1900-01-01 00:45:58,1900-01-01 00:05:20,11.24,89,143,TomTom MySports Watch
2017-04-01 16:56:53,Running,13.53,1900-01-01 01:14:46,1900-01-01 00:05:32,10.86,196,146,TomTom MySports Watch
2017-03-30 19:06:29,Running,8.48,1900-01-01 00:46:53,1900-01-01 00:05:32,10.85,90,143,TomTom MySports Watch
2017-03-28 19:13:23,Running,8.65,1900-01-01 00:45:24,1900-01-01 00:05:15,11.43,88,152,TomTom MySports Watch
2017-03-26 17:10:40,Running,14.62,1900-01-01 01:21:54,1900-01-01 00:05:36,10.71,149,143,missing
2017-03-20 18:44:13,Running,14.42,1900-01-01 01:18:40,1900-01-01 00:05:27,11.0,99,148,TomTom MySports Watch
2017-03-16 18:21:05,Running,6.8,1900-01-01 00:36:18,1900-01-01 00:05:20,11.24,67,151,TomTom MySports Watch
2017-03-13 18:34:11,Running,12.06,1900-01-01 01:07:14,1900-01-01 00:05:34,10.77,113,143,TomTom MySports Watch
2017-03-09 18:20:43,Running,9.52,1900-01-01 00:54:28,1900-01-01 00:05:43,10.49,81,139,TomTom MySports Watch
2017-02-27 18:57:30,Running,11.02,1900-01-01 00:59:26,1900-01-01 00:05:24,11.12,102,150,TomTom MySports Watch
2017-02-23 18:39:15,Running,8.8,1900-01-01 00:50:57,1900-01-01 00:05:47,10.37,85,139,TomTom MySports Watch
2017-02-21 19:16:07,Running,7.4,1900-01-01 00:41:20,1900-01-01 00:05:35,10.75,82,140,TomTom MySports Watch
2017-02-13 18:42:55,Running,9.78,1900-01-01 00:56:19,1900-01-01 00:05:45,10.42,78,146,TomTom MySports Watch
2017-02-06 18:45:01,Running,9.79,1900-01-01 00:58:23,1900-01-01 00:05:58,10.07,76,145,TomTom MySports Watch
2017-01-30 18:43:33,Running,6.98,1900-01-01 00:37:28,1900-01-01 00:05:22,11.18,66,143,TomTom MySports Watch
2017-01-26 18:47:36,Running,8.3,1900-01-01 00:44:30,1900-01-01 00:05:22,11.19,74,144,TomTom MySports Watch
2017-01-23 18:39:10,Running,11.98,1900-01-01 01:07:49,1900-01-01 00:05:40,10.6,100,150,TomTom MySports Watch
2017-01-19 18:10:00,Running,7.43,1900-01-01 00:41:36,1900-01-01 00:05:36,10.72,51,132,TomTom MySports Watch
2017-01-16 18:04:30,Running,12.15,1900-01-01 01:08:32,1900-01-01 00:05:38,10.64,99,143,TomTom MySports Watch
2017-01-12 18:19:37,Running,12.0,1900-01-01 01:08:08,1900-01-01 00:05:41,10.57,100,148,TomTom MySports Watch
2017-01-05 18:15:10,Running,7.02,1900-01-01 00:39:42,1900-01-01 00:05:39,10.61,68,143,TomTom MySports Watch
2017-01-03 18:26:07,Running,10.05,1900-01-01 00:57:27,1900-01-01 00:05:43,10.49,93,143,TomTom MySports Watch
2016-12-29 19:08:37,Running,7.0,1900-01-01 00:39:48,1900-01-01 00:05:41,10.55,67,113,TomTom MySports Watch
2016-12-26 18:37:08,Running,6.92,1900-01-01 00:39:42,1900-01-01 00:05:44,10.45,67,139,TomTom MySports Watch
2016-12-22 18:43:38,Running,6.9,1900-01-01 00:38:28,1900-01-01 00:05:35,10.76,64,137,TomTom MySports Watch
2016-12-15 18:53:07,Running,6.85,1900-01-01 00:37:44,1900-01-01 00:05:30,10.9,67,140,TomTom MySports Watch
2016-12-06 18:36:37,Running,6.99,1900-01-01 00:41:34,1900-01-01 00:05:57,10.08,49,139,TomTom MySports Watch
2016-12-01 18:39:39,Running,6.96,1900-01-01 00:39:33,1900-01-01 00:05:41,10.56,66,126,TomTom MySports Watch
2016-11-28 18:46:07,Running,10.13,1900-01-01 00:57:41,1900-01-01 00:05:42,10.54,95,144,TomTom MySports Watch
2016-11-24 18:50:24,Running,6.73,1900-01-01 00:36:01,1900-01-01 00:05:21,11.21,65,163,TomTom MySports Watch
2016-11-21 18:57:32,Running,10.05,1900-01-01 00:56:45,1900-01-01 00:05:39,10.63,96,146,TomTom MySports Watch
2016-11-17 18:52:21,Running,6.95,1900-01-01 00:40:32,1900-01-01 00:05:50,10.28,67,161,TomTom MySports Watch
2016-11-15 18:27:55,Running,6.94,1900-01-01 00:40:44,1900-01-01 00:05:52,10.22,66,134,TomTom MySports Watch
2016-11-10 18:31:03,Running,6.83,1900-01-01 00:40:03,1900-01-01 00:05:52,10.22,67,134,TomTom MySports Watch
2016-11-03 18:17:35,Running,6.77,1900-01-01 00:37:58,1900-01-01 00:05:37,10.7,64,142,TomTom MySports Watch
2016-10-31 19:34:32,Running,10.15,1900-01-01 00:56:36,1900-01-01 00:05:35,10.76,109,132,TomTom MySports Watch
2016-10-27 19:17:55,Running,6.84,1900-01-01 00:34:57,1900-01-01 00:05:06,11.75,75,146,TomTom MySports Watch
2016-10-24 18:38:31,Running,10.15,1900-01-01 00:58:25,1900-01-01 00:05:45,10.42,92,139,TomTom MySports Watch
2016-10-20 18:57:48,Running,10.19,1900-01-01 00:56:25,1900-01-01 00:05:32,10.83,89,148,TomTom MySports Watch
2016-10-17 18:39:56,Running,10.02,1900-01-01 00:55:56,1900-01-01 00:05:35,10.75,92,136,TomTom MySports Watch
2016-10-15 17:14:34,Running,13.49,1900-01-01 01:14:11,1900-01-01 00:05:30,10.91,182,143,TomTom MySports Watch
2016-10-12 17:50:31,Running,9.77,1900-01-01 00:52:12,1900-01-01 00:05:21,11.22,57,143,missing
2016-10-03 11:47:16,Cycling,23.62,1900-01-01 01:12:42,1900-01-01 00:03:05,19.5,301,126,TomTom MySports Watch
2016-10-02 16:36:05,Running,13.43,1900-01-01 01:12:20,1900-01-01 00:05:23,11.14,184,141,TomTom MySports Watch
2016-09-27 18:11:27,Running,6.88,1900-01-01 00:32:47,1900-01-01 00:04:46,12.59,49,143,missing
2016-09-24 16:39:37,Running,19.41,1900-01-01 01:46:24,1900-01-01 00:05:29,10.95,320,140,TomTom MySports Watch
2016-09-22 18:52:22,Running,6.96,1900-01-01 00:37:14,1900-01-01 00:05:21,11.22,63,135,TomTom MySports Watch
2016-09-20 18:42:40,Running,10.03,1900-01-01 00:53:21,1900-01-01 00:05:19,11.28,89,139,TomTom MySports Watch
2016-09-15 18:38:53,Running,10.0,1900-01-01 00:47:55,1900-01-01 00:04:47,12.52,91,150,TomTom MySports Watch
2016-09-12 18:23:04,Running,13.08,1900-01-01 01:10:33,1900-01-01 00:05:24,11.12,116,141,TomTom MySports Watch
2016-09-10 17:13:51,Cycling,13.11,1900-01-01 00:32:47,1900-01-01 00:02:30,23.99,163,136,TomTom MySports Watch
2016-09-08 18:19:56,Running,13.12,1900-01-01 01:04:40,1900-01-01 00:04:56,12.17,110,154,TomTom MySports Watch
2016-09-04 17:08:28,Cycling,13.64,1900-01-01 00:40:43,1900-01-01 00:02:59,20.09,184,134,TomTom MySports Watch
2016-09-03 17:28:11,Running,13.5,1900-01-01 01:17:44,1900-01-01 00:05:46,10.42,184,138,TomTom MySports Watch
2016-08-31 18:33:50,Running,13.06,1900-01-01 01:04:09,1900-01-01 00:04:55,12.22,107,152,TomTom MySports Watch
2016-08-28 18:00:16,Running,12.05,1900-01-01 01:07:14,1900-01-01 00:05:35,10.76,172,143,TomTom MySports Watch
2016-08-27 17:08:38,Cycling,24.67,1900-01-01 01:08:53,1900-01-01 00:02:48,21.49,307,134,TomTom MySports Watch
2016-08-24 17:26:00,Running,13.25,1900-01-01 01:11:57,1900-01-01 00:05:26,11.05,181,141,TomTom MySports Watch
2016-08-22 18:14:48,Running,10.06,1900-01-01 00:51:20,1900-01-01 00:05:06,11.76,58,143,missing
2016-08-20 15:43:49,Cycling,31.48,1900-01-01 01:29:50,1900-01-01 00:02:51,21.03,553,138,TomTom MySports Watch
2016-08-19 16:57:41,Running,13.43,1900-01-01 01:14:24,1900-01-01 00:05:32,10.83,185,150,TomTom MySports Watch
2016-08-17 17:17:09,Cycling,21.82,1900-01-01 01:22:34,1900-01-01 00:03:47,15.86,316,122,TomTom MySports Watch
2016-08-14 12:32:07,Running,21.16,1900-01-01 02:04:44,1900-01-01 00:05:54,10.18,351,149,TomTom MySports Watch
2016-08-01 17:40:40,Running,14.32,1900-01-01 01:20:36,1900-01-01 00:05:38,10.66,213,151,TomTom MySports Watch
2016-07-24 17:13:38,Running,20.81,1900-01-01 02:03:35,1900-01-01 00:05:56,10.11,367,144,TomTom MySports Watch
2016-07-18 18:28:47,Running,10.01,1900-01-01 00:50:49,1900-01-01 00:05:05,11.82,92,151,TomTom MySports Watch
2016-07-16 17:27:12,Running,22.06,1900-01-01 02:08:28,1900-01-01 00:05:49,10.3,354,143,TomTom MySports Watch
2016-07-12 18:20:28,Running,9.71,1900-01-01 00:50:45,1900-01-01 00:05:14,11.47,52,143,missing
2016-07-10 16:35:25,Running,19.27,1900-01-01 01:49:48,1900-01-01 00:05:42,10.53,319,142,TomTom MySports Watch
2016-07-04 18:24:46,Running,16.46,1900-01-01 01:28:53,1900-01-01 00:05:24,11.11,146,144,TomTom MySports Watch
2016-07-02 17:52:07,Running,13.55,1900-01-01 01:18:01,1900-01-01 00:05:46,10.42,189,137,TomTom MySports Watch
2016-06-27 18:40:44,Running,13.28,1900-01-01 01:12:43,1900-01-01 00:05:29,10.96,180,146,TomTom MySports Watch
2016-06-25 17:02:44,Running,13.22,1900-01-01 01:16:38,1900-01-01 00:05:48,10.35,226,142,TomTom MySports Watch
2016-06-23 18:29:58,Running,10.02,1900-01-01 00:51:35,1900-01-01 00:05:09,11.65,60,143,"Very hot, up to 30+
"
2016-06-19 17:04:31,Running,18.59,1900-01-01 01:49:24,1900-01-01 00:05:53,10.19,295,142,TomTom MySports Watch
2016-06-14 18:40:51,Running,13.21,1900-01-01 01:08:35,1900-01-01 00:05:11,11.56,119,155,TomTom MySports Watch
2016-06-12 12:07:08,Running,19.89,1900-01-01 01:45:59,1900-01-01 00:05:20,11.26,202,143,missing
2016-06-05 17:10:29,Running,15.52,1900-01-01 01:30:35,1900-01-01 00:05:50,10.28,254,142,TomTom MySports Watch
2016-06-02 18:43:44,Running,13.24,1900-01-01 01:09:06,1900-01-01 00:05:13,11.5,117,145,TomTom MySports Watch
2016-05-30 18:51:32,Running,10.03,1900-01-01 00:52:02,1900-01-01 00:05:11,11.57,91,145,TomTom MySports Watch
2016-05-26 18:30:37,Running,12.88,1900-01-01 01:08:16,1900-01-01 00:05:18,11.32,145,149,TomTom MySports Watch
2016-05-23 18:26:58,Running,10.02,1900-01-01 00:51:25,1900-01-01 00:05:08,11.68,64,143,missing
2016-05-22 15:31:06,Cycling,39.62,1900-01-01 01:48:59,1900-01-01 00:02:45,21.81,319,143,missing
2016-05-19 18:54:07,Running,10.14,1900-01-01 00:55:00,1900-01-01 00:05:26,11.06,99,145,TomTom MySports Watch
2016-05-09 16:46:49,Running,13.5,1900-01-01 01:15:04,1900-01-01 00:05:34,10.79,181,147,TomTom MySports Watch
2016-04-24 17:16:01,Running,12.85,1900-01-01 01:16:56,1900-01-01 00:05:59,10.02,185,142,TomTom MySports Watch
2016-04-17 16:20:56,Running,13.47,1900-01-01 01:17:55,1900-01-01 00:05:47,10.37,180,140,TomTom MySports Watch
2016-04-11 18:25:11,Running,8.88,1900-01-01 00:47:00,1900-01-01 00:05:17,11.34,83,143,TomTom MySports Watch
2016-04-07 18:50:38,Running,10.0,1900-01-01 00:51:15,1900-01-01 00:05:07,11.71,92,145,TomTom MySports Watch
2016-04-03 16:27:37,Running,10.3,1900-01-01 00:58:59,1900-01-01 00:05:44,10.47,143,142,TomTom MySports Watch
2016-03-28 16:12:15,Running,15.62,1900-01-01 01:32:26,1900-01-01 00:05:55,10.14,258,145,TomTom MySports Watch
2016-03-21 18:51:35,Running,9.1,1900-01-01 00:51:25,1900-01-01 00:05:39,10.62,85,142,TomTom MySports Watch
2016-03-13 13:02:38,Running,7.19,1900-01-01 00:43:26,1900-01-01 00:06:03,9.93,111,136,TomTom MySports Watch
2016-03-07 13:23:44,Running,13.69,1900-01-01 01:20:39,1900-01-01 00:05:54,10.18,141,143,missing
2016-02-28 13:37:46,Running,13.48,1900-01-01 01:19:28,1900-01-01 00:05:54,10.18,183,144,TomTom MySports Watch
2016-02-21 15:48:48,Running,13.69,1900-01-01 01:22:23,1900-01-01 00:06:01,9.97,144,143,"Cold and windy
"
2016-02-18 19:09:01,Running,6.92,1900-01-01 00:39:25,1900-01-01 00:05:42,10.54,67,141,TomTom MySports Watch
2016-02-15 18:37:04,Running,10.02,1900-01-01 01:00:08,1900-01-01 00:06:00,10.0,92,157,TomTom MySports Watch
2016-02-08 18:09:03,Running,6.81,1900-01-01 00:41:18,1900-01-01 00:06:04,9.89,68,165,TomTom MySports Watch
2016-02-04 18:46:32,Running,6.84,1900-01-01 00:40:02,1900-01-01 00:05:51,10.25,67,139,TomTom MySports Watch
2016-01-14 18:40:08,Running,7.0,1900-01-01 00:41:18,1900-01-01 00:05:54,10.17,70,142,TomTom MySports Watch
2015-12-27 13:14:59,Running,13.53,1900-01-01 01:16:48,1900-01-01 00:05:41,10.57,185,152,TomTom MySports Watch
2015-12-23 18:45:03,Running,10.12,1900-01-01 00:59:02,1900-01-01 00:05:50,10.29,95,158,TomTom MySports Watch
2015-12-21 18:31:25,Running,10.02,1900-01-01 00:57:55,1900-01-01 00:05:47,10.38,91,138,TomTom MySports Watch
2015-12-06 12:54:29,Running,13.77,1900-01-01 01:18:04,1900-01-01 00:05:40,10.58,146,143,missing
2015-11-17 18:37:11,Running,10.0,1900-01-01 00:58:32,1900-01-01 00:05:51,10.25,93,140,TomTom MySports Watch
2015-11-09 18:21:31,Running,9.72,1900-01-01 00:55:01,1900-01-01 00:05:40,10.6,89,131,TomTom MySports Watch
2015-11-02 18:23:37,Running,6.6,1900-01-01 00:36:15,1900-01-01 00:05:30,10.92,62,145,TomTom MySports Watch
2015-10-18 15:43:06,Cycling,16.67,1900-01-01 01:08:46,1900-01-01 00:04:08,14.54,166,143,missing
2015-10-04 10:15:57,Running,38.32,1900-01-01 04:28:19,1900-01-01 00:07:00,8.57,646,140,TomTom MySports Watch
2015-09-28 18:21:21,Running,18.94,1900-01-01 01:44:26,1900-01-01 00:05:31,10.88,158,138,TomTom MySports Watch
2015-09-24 18:28:14,Running,9.43,1900-01-01 00:51:16,1900-01-01 00:05:26,11.03,77,138,TomTom MySports Watch
2015-09-21 18:13:10,Running,9.65,1900-01-01 00:46:56,1900-01-01 00:04:52,12.33,83,153,TomTom MySports Watch
2015-09-18 18:39:38,Running,22.15,1900-01-01 02:01:30,1900-01-01 00:05:29,10.94,182,149,TomTom MySports Watch
2015-09-16 17:59:37,Running,19.35,1900-01-01 01:46:38,1900-01-01 00:05:31,10.89,303,146,TomTom MySports Watch
2015-09-13 17:14:13,Running,23.95,1900-01-01 02:23:03,1900-01-01 00:05:58,10.04,390,140,TomTom MySports Watch
2015-09-09 18:37:26,Running,15.88,1900-01-01 01:24:05,1900-01-01 00:05:18,11.33,132,145,TomTom MySports Watch
2015-09-07 18:47:06,Running,15.62,1900-01-01 01:22:49,1900-01-01 00:05:18,11.32,241,144,TomTom MySports Watch
2015-09-03 18:49:40,Running,9.55,1900-01-01 00:53:21,1900-01-01 00:05:35,10.74,85,127,TomTom MySports Watch
2015-08-24 17:21:48,Running,28.14,1900-01-01 02:46:07,1900-01-01 00:05:54,10.17,518,138,TomTom MySports Watch
2015-08-23 17:35:47,Cycling,35.09,1900-01-01 01:32:58,1900-01-01 00:02:39,22.64,336,143,missing
2015-08-21 18:18:37,Running,12.48,1900-01-01 01:08:30,1900-01-01 00:05:29,10.93,102,151,TomTom MySports Watch
2015-08-16 17:35:23,Running,26.01,1900-01-01 02:33:13,1900-01-01 00:05:54,10.18,436,136,TomTom MySports Watch
2015-08-15 18:46:21,Cycling,13.72,1900-01-01 00:38:39,1900-01-01 00:02:49,21.3,139,143,missing
2015-08-14 17:44:35,Running,19.04,1900-01-01 01:52:10,1900-01-01 00:05:54,10.18,301,130,TomTom MySports Watch
2015-08-09 16:29:48,Running,18.58,1900-01-01 01:48:49,1900-01-01 00:05:51,10.25,285,138,TomTom MySports Watch
2015-08-03 18:30:49,Running,18.95,1900-01-01 01:38:16,1900-01-01 00:05:11,11.57,156,149,TomTom MySports Watch
2015-08-01 18:40:14,Cycling,18.79,1900-01-01 00:56:41,1900-01-01 00:03:01,19.88,195,143,missing
2015-07-29 18:14:34,Running,0.76,1900-01-01 00:05:15,1900-01-01 00:06:55,8.67,6,133,TomTom MySports Watch
2015-07-26 08:02:36,Running,22.09,1900-01-01 02:16:22,1900-01-01 00:06:10,9.72,372,142,missing
2015-07-24 18:49:43,Running,12.69,1900-01-01 01:05:15,1900-01-01 00:05:09,11.67,108,146,missing
2015-07-21 18:22:38,Running,12.66,1900-01-01 01:08:07,1900-01-01 00:05:23,11.15,109,138,TomTom MySports Watch
2015-07-19 17:19:38,Running,23.88,1900-01-01 02:27:32,1900-01-01 00:06:11,9.71,391,135,missing
2015-07-16 18:32:18,Running,9.57,1900-01-01 00:45:28,1900-01-01 00:04:45,12.63,77,148,missing
2015-07-14 18:39:53,Running,12.66,1900-01-01 01:04:46,1900-01-01 00:05:07,11.73,108,145,missing
2015-07-12 18:14:14,Running,19.04,1900-01-01 01:51:58,1900-01-01 00:05:53,10.2,295,133,missing
2015-07-10 18:35:16,Running,19.02,1900-01-01 01:34:06,1900-01-01 00:04:57,12.13,156,144,missing
2015-07-07 18:39:38,Running,9.55,1900-01-01 00:48:59,1900-01-01 00:05:08,11.7,88,143,missing
2015-07-05 17:53:06,Running,19.7,1900-01-01 01:52:23,1900-01-01 00:05:42,10.52,303,142,missing
2015-07-01 18:16:02,Running,18.83,1900-01-01 01:34:34,1900-01-01 00:05:01,11.95,154,142,missing
2015-06-28 17:39:02,Running,19.81,1900-01-01 01:55:57,1900-01-01 00:05:51,10.25,313,133,missing
2015-06-24 18:27:23,Running,11.14,1900-01-01 01:03:45,1900-01-01 00:05:43,10.49,162,133,missing
2015-06-22 18:19:53,Running,18.84,1900-01-01 01:41:17,1900-01-01 00:05:22,11.16,156,141,missing
2015-06-21 17:53:46,Cycling,34.49,1900-01-01 01:35:39,1900-01-01 00:02:46,21.63,318,143,missing
2015-06-17 18:39:44,Running,12.61,1900-01-01 01:07:45,1900-01-01 00:05:22,11.17,109,137,missing
2015-06-15 18:27:00,Running,12.64,1900-01-01 01:02:17,1900-01-01 00:04:56,12.18,107,158,missing
2015-06-14 17:03:23,Cycling,28.49,1900-01-01 01:20:47,1900-01-01 00:02:50,21.16,294,143,missing
2015-06-12 18:27:52,Running,12.63,1900-01-01 01:02:18,1900-01-01 00:04:56,12.16,107,154,missing
2015-06-10 18:14:03,Running,14.35,1900-01-01 01:21:05,1900-01-01 00:05:39,10.62,226,136,missing
2015-06-08 18:18:18,Running,9.6,1900-01-01 00:44:45,1900-01-01 00:04:40,12.88,85,161,missing
2015-06-07 16:51:14,Running,13.01,1900-01-01 01:13:07,1900-01-01 00:05:37,10.68,193,147,missing
2015-06-06 18:30:39,Cycling,18.96,1900-01-01 01:19:02,1900-01-01 00:04:10,14.39,123,143,missing
2015-06-04 18:15:45,Running,15.97,1900-01-01 01:23:18,1900-01-01 00:05:13,11.5,135,141,missing
2015-06-01 17:40:42,Running,11.85,1900-01-01 01:04:46,1900-01-01 00:05:28,10.98,180,145,missing
2015-05-31 04:02:00,Cycling,29.4,1900-01-01 02:35:00,1900-01-01 00:05:16,11.38,58,143,missing
2015-05-29 18:45:22,Running,9.73,1900-01-01 00:46:22,1900-01-01 00:04:46,12.59,84,150,missing
2015-05-27 18:19:22,Running,12.8,1900-01-01 01:03:46,1900-01-01 00:04:59,12.05,108,150,missing
2015-05-23 19:07:40,Cycling,13.65,1900-01-01 00:43:06,1900-01-01 00:03:09,19.0,144,124,missing
2015-05-21 18:45:51,Running,9.54,1900-01-01 00:45:19,1900-01-01 00:04:45,12.64,82,147,missing
2015-05-19 18:48:36,Running,12.73,1900-01-01 01:02:30,1900-01-01 00:04:55,12.22,109,134,missing
2015-05-17 17:33:15,Running,9.64,1900-01-01 00:48:27,1900-01-01 00:05:02,11.94,85,150,missing
2015-05-13 18:39:34,Running,12.71,1900-01-01 01:09:15,1900-01-01 00:05:27,11.01,108,158,missing
2015-05-11 18:39:02,Running,9.61,1900-01-01 00:48:38,1900-01-01 00:05:04,11.86,91,158,missing
2015-05-06 18:18:49,Running,12.83,1900-01-01 01:07:10,1900-01-01 00:05:14,11.46,107,142,missing
2015-05-02 18:48:03,Running,7.39,1900-01-01 00:43:11,1900-01-01 00:05:50,10.27,162,165,missing
2015-05-01 18:05:38,Cycling,11.41,1900-01-01 00:42:39,1900-01-01 00:03:44,16.06,132,125,missing
2015-04-26 09:03:15,Running,21.12,1900-01-01 01:38:42,1900-01-01 00:04:40,12.84,982,170,missing
2015-04-23 18:48:37,Running,6.87,1900-01-01 00:37:32,1900-01-01 00:05:28,10.97,81,143,missing
2015-04-15 18:38:43,Running,12.68,1900-01-01 01:05:47,1900-01-01 00:05:11,11.56,110,141,missing
2015-04-13 16:57:26,Running,18.06,1900-01-01 01:53:38,1900-01-01 00:06:17,9.54,228,140,missing
2015-04-07 18:33:21,Running,15.79,1900-01-01 01:22:37,1900-01-01 00:05:14,11.46,135,152,missing
2015-04-02 18:50:23,Running,12.83,1900-01-01 01:06:28,1900-01-01 00:05:11,11.58,106,146,missing
2015-03-30 18:10:03,Running,5.73,1900-01-01 00:30:12,1900-01-01 00:05:17,11.37,50,123,missing
2015-03-25 18:40:19,Running,9.73,1900-01-01 00:55:12,1900-01-01 00:05:40,10.58,84,131,missing
2015-03-16 18:23:38,Running,16.15,1900-01-01 01:26:37,1900-01-01 00:05:22,11.19,133,131,missing
2015-03-11 18:21:26,Running,15.91,1900-01-01 01:28:23,1900-01-01 00:05:33,10.8,136,140,missing
2015-03-06 18:44:58,Running,12.81,1900-01-01 01:06:04,1900-01-01 00:05:09,11.63,106,172,missing
2015-03-04 19:00:17,Running,10.25,1900-01-01 00:58:27,1900-01-01 00:05:42,10.52,90,125,missing
2015-03-02 18:15:36,Running,15.99,1900-01-01 01:31:46,1900-01-01 00:05:44,10.46,128,154,missing
2015-02-28 09:11:09,Running,3.5,1900-01-01 00:20:19,1900-01-01 00:05:48,10.34,33,116,missing
2015-02-25 18:18:41,Running,9.78,1900-01-01 00:54:08,1900-01-01 00:05:32,10.84,87,144,missing
2015-02-23 18:14:09,Running,12.84,1900-01-01 01:10:50,1900-01-01 00:05:31,10.88,105,141,missing
2015-02-17 18:34:53,Running,9.86,1900-01-01 00:55:53,1900-01-01 00:05:40,10.58,60,143,missing
2015-02-12 18:22:44,Running,6.75,1900-01-01 00:36:25,1900-01-01 00:05:24,11.12,42,143,missing
2015-02-09 18:40:18,Running,9.94,1900-01-01 00:55:22,1900-01-01 00:05:34,10.77,61,143,missing
2015-02-04 18:31:10,Running,10.23,1900-01-01 00:55:10,1900-01-01 00:05:24,11.12,59,143,missing
2015-02-02 18:31:00,Running,9.91,1900-01-01 00:58:57,1900-01-01 00:05:57,10.08,259,143,missing
2015-01-31 09:30:04,Running,6.55,1900-01-01 00:40:01,1900-01-01 00:06:06,9.83,37,143,missing
2015-01-28 18:43:29,Running,10.02,1900-01-01 00:55:13,1900-01-01 00:05:31,10.89,61,143,missing
2015-01-26 18:30:18,Running,13.11,1900-01-01 01:14:30,1900-01-01 00:05:41,10.55,76,143,missing
2015-01-14 17:50:00,Running,9.78,1900-01-01 00:52:45,1900-01-01 00:05:24,11.12,51,143,missing
2015-01-12 18:20:00,Running,9.78,1900-01-01 00:51:45,1900-01-01 00:05:18,11.34,51,143,missing
2015-01-03 17:20:00,Running,9.78,1900-01-01 00:52:45,1900-01-01 00:05:24,11.12,51,143,missing
2014-12-26 17:50:00,Running,9.78,1900-01-01 00:49:45,1900-01-01 00:05:05,11.79,51,143,missing
2014-12-24 18:18:00,Running,6.59,1900-01-01 00:32:00,1900-01-01 00:04:51,12.35,33,143,missing
2014-12-08 16:18:00,Running,6.63,1900-01-01 00:32:00,1900-01-01 00:04:49,12.44,33,143,missing
2014-12-03 18:18:00,Running,6.63,1900-01-01 00:32:00,1900-01-01 00:04:49,12.44,33,143,missing
2014-12-01 18:18:00,Running,6.63,1900-01-01 00:32:00,1900-01-01 00:04:49,12.44,33,143,missing
2014-11-25 17:50:00,Running,9.78,1900-01-01 00:51:45,1900-01-01 00:05:18,11.34,51,143,missing
2014-11-19 18:18:00,Running,6.22,1900-01-01 00:31:00,1900-01-01 00:04:59,12.03,33,143,missing
2014-11-11 15:50:00,Running,9.78,1900-01-01 00:49:45,1900-01-01 00:05:05,11.79,51,143,missing
2014-11-04 18:18:00,Running,6.22,1900-01-01 00:32:00,1900-01-01 00:05:09,11.66,33,143,missing
2014-10-30 17:50:00,Running,9.78,1900-01-01 00:49:45,1900-01-01 00:05:05,11.79,51,143,missing
2014-10-27 18:30:00,Running,12.98,1900-01-01 01:05:45,1900-01-01 00:05:04,11.85,67,143,missing
2014-10-22 17:50:00,Running,9.61,1900-01-01 00:49:45,1900-01-01 00:05:10,11.59,54,143,missing
2014-10-20 18:10:00,Running,9.61,1900-01-01 00:51:17,1900-01-01 00:05:20,11.25,54,143,missing
2014-10-14 18:10:00,Running,12.82,1900-01-01 01:02:45,1900-01-01 00:04:54,12.26,70,143,missing
2014-10-09 18:10:00,Running,9.61,1900-01-01 00:52:17,1900-01-01 00:05:26,11.03,54,143,missing
2014-10-07 19:10:00,Running,9.61,1900-01-01 00:49:17,1900-01-01 00:05:08,11.7,54,143,missing
2014-09-28 10:01:30,Running,21.32,1900-01-01 01:45:27,1900-01-01 00:04:57,12.13,447,143,missing
2014-09-23 18:10:00,Running,12.82,1900-01-01 01:02:45,1900-01-01 00:04:54,12.26,70,143,missing
2014-09-18 18:12:00,Running,19.19,1900-01-01 01:42:03,1900-01-01 00:05:19,11.29,111,143,missing
2014-09-15 18:30:00,Running,9.55,1900-01-01 00:48:54,1900-01-01 00:05:07,11.72,51,143,missing
2014-09-11 19:10:00,Running,9.61,1900-01-01 00:48:22,1900-01-01 00:05:02,11.93,54,143,missing
2014-09-08 18:00:00,Running,19.19,1900-01-01 01:42:03,1900-01-01 00:05:19,11.29,111,143,missing
2014-09-04 18:55:54,Running,9.61,1900-01-01 00:50:22,1900-01-01 00:05:14,11.45,54,143,missing
2014-09-01 18:46:00,Running,15.59,1900-01-01 01:23:41,1900-01-01 00:05:22,11.18,110,143,missing
2014-08-29 18:56:02,Cycling,20.7,1900-01-01 01:00:37,1900-01-01 00:02:56,20.49,113,143,missing
2014-08-28 18:10:00,Running,12.82,1900-01-01 01:05:45,1900-01-01 00:05:08,11.7,70,143,missing
2014-08-26 18:16:03,Running,16.06,1900-01-01 01:21:39,1900-01-01 00:05:05,11.8,89,143,missing
2014-08-21 18:49:00,Running,9.55,1900-01-01 00:53:54,1900-01-01 00:05:39,10.63,51,143,missing
2014-08-18 18:37:00,Running,12.82,1900-01-01 01:05:44,1900-01-01 00:05:08,11.7,70,143,missing
2014-08-12 18:50:00,Running,9.55,1900-01-01 00:53:54,1900-01-01 00:05:39,10.63,51,143,HOT!
2014-08-08 08:00:16,Running,9.82,1900-01-01 00:50:20,1900-01-01 00:05:08,11.7,62,143,missing
2014-07-25 18:35:00,Running,13.17,1900-01-01 01:05:08,1900-01-01 00:04:57,12.13,83,143,missing
2014-07-22 18:08:00,Running,12.75,1900-01-01 00:59:41,1900-01-01 00:04:41,12.81,71,143,missing
2014-07-17 18:30:00,Running,9.55,1900-01-01 00:53:54,1900-01-01 00:05:39,10.63,51,143,"It was not easy, as it was +29 Celcius"
2014-07-10 18:45:00,Running,12.75,1900-01-01 01:00:41,1900-01-01 00:04:46,12.6,71,143,"It was raining heavily, which was absolute fun to run that distance"
2014-07-02 18:31:00,Running,12.75,1900-01-01 01:02:41,1900-01-01 00:04:55,12.2,71,143,missing
2014-06-24 18:12:00,Running,16.21,1900-01-01 01:21:46,1900-01-01 00:05:03,11.89,85,143,missing
2014-06-18 18:29:00,Running,16.21,1900-01-01 01:21:46,1900-01-01 00:05:03,11.89,85,143,missing
2014-06-11 18:08:00,Running,12.75,1900-01-01 01:02:41,1900-01-01 00:04:55,12.2,71,143,missing
2014-06-04 18:07:39,Running,16.17,1900-01-01 01:20:57,1900-01-01 00:05:00,11.98,93,143,missing
2014-05-26 18:30:00,Running,9.55,1900-01-01 00:53:54,1900-01-01 00:05:39,10.63,51,143,missing
2014-05-21 18:45:00,Running,12.75,1900-01-01 01:01:41,1900-01-01 00:04:50,12.4,71,143,missing
2014-05-19 18:15:00,Running,12.75,1900-01-01 01:03:01,1900-01-01 00:04:57,12.14,71,143,missing
2014-05-17 07:50:00,Running,6.56,1900-01-01 00:35:23,1900-01-01 00:05:24,11.12,36,143,missing
2014-05-14 18:09:11,Running,13.17,1900-01-01 01:05:08,1900-01-01 00:04:57,12.13,84,143,missing
2014-05-12 18:06:22,Running,12.63,1900-01-01 01:01:22,1900-01-01 00:04:51,12.35,69,143,missing
2014-05-06 18:32:00,Running,12.85,1900-01-01 01:05:41,1900-01-01 00:05:07,11.74,71,143,missing
2014-05-02 18:47:02,Running,7.08,1900-01-01 00:37:56,1900-01-01 00:05:21,11.2,127,143,missing
2014-04-27 10:00:00,Running,21.73,1900-01-01 01:46:38,1900-01-01 00:04:54,12.23,22,143,missing
2014-04-21 19:08:29,Running,12.75,1900-01-01 00:59:41,1900-01-01 00:04:41,12.81,71,143,missing
2014-04-16 18:22:23,Running,19.08,1900-01-01 01:35:03,1900-01-01 00:04:59,12.04,111,143,missing
2014-04-14 18:19:40,Running,12.83,1900-01-01 01:04:32,1900-01-01 00:05:02,11.92,71,143,missing
2014-04-09 18:29:04,Running,16.21,1900-01-01 01:21:45,1900-01-01 00:05:03,11.9,85,143,missing
2014-04-07 18:28:42,Running,12.57,1900-01-01 01:04:09,1900-01-01 00:05:06,11.75,73,143,missing
2014-04-02 18:30:00,Running,12.47,1900-01-01 01:04:33,1900-01-01 00:05:11,11.59,69,143,missing
2014-04-02 18:18:43,Running,6.22,1900-01-01 00:32:00,1900-01-01 00:05:09,11.65,33,143,missing
2014-03-24 18:56:12,Running,6.32,1900-01-01 00:36:30,1900-01-01 00:05:47,10.39,36,143,missing
2014-03-20 18:49:11,Running,9.55,1900-01-01 00:53:54,1900-01-01 00:05:39,10.63,51,143,missing
2014-03-18 18:49:39,Running,9.71,1900-01-01 00:57:20,1900-01-01 00:05:55,10.15,53,143,missing
2014-03-13 18:41:49,Running,8.62,1900-01-01 00:51:36,1900-01-01 00:05:59,10.02,48,143,missing
2014-03-11 19:14:15,Running,6.35,1900-01-01 00:36:54,1900-01-01 00:05:49,10.33,34,143,missing
2014-03-04 18:45:09,Running,9.45,1900-01-01 00:53:34,1900-01-01 00:05:40,10.58,52,143,missing
2014-02-28 18:34:12,Running,6.34,1900-01-01 00:36:02,1900-01-01 00:05:41,10.56,32,143,missing
2014-02-25 18:23:39,Running,6.33,1900-01-01 00:36:09,1900-01-01 00:05:43,10.51,35,143,missing
2014-02-19 18:40:00,Running,6.38,1900-01-01 00:36:10,1900-01-01 00:05:40,10.58,34,143,missing
2014-02-15 08:55:15,Running,6.29,1900-01-01 00:34:34,1900-01-01 00:05:30,10.91,35,143,missing
2014-02-13 18:08:01,Running,6.38,1900-01-01 00:38:00,1900-01-01 00:05:57,10.08,34,143,missing
2014-02-06 06:32:00,Running,6.56,1900-01-01 00:42:23,1900-01-01 00:06:28,9.29,36,143,missing
2014-01-07 18:13:04,Running,10.81,1900-01-01 01:01:31,1900-01-01 00:05:42,10.54,56,143,missing
2014-01-02 09:45:05,Running,3.38,1900-01-01 00:18:10,1900-01-01 00:05:23,11.16,16,143,missing
2013-12-31 08:32:35,Running,6.57,1900-01-01 00:36:02,1900-01-01 00:05:29,10.93,36,143,missing
2013-12-23 18:59:00,Running,9.5,1900-01-01 00:54:08,1900-01-01 00:05:42,10.53,52,143,missing
2013-12-21 07:39:48,Running,6.34,1900-01-01 00:36:02,1900-01-01 00:05:41,10.56,33,143,missing
2013-12-19 18:58:42,Running,9.5,1900-01-01 00:53:06,1900-01-01 00:05:35,10.73,52,143,missing
2013-12-07 09:15:00,Running,6.3,1900-01-01 00:34:59,1900-01-01 00:05:33,10.8,35,143,missing
2013-12-04 18:36:22,Running,12.48,1900-01-01 01:10:42,1900-01-01 00:05:40,10.59,69,143,missing
2013-11-30 09:06:01,Running,6.33,1900-01-01 00:34:24,1900-01-01 00:05:26,11.03,35,143,missing
2013-11-20 18:18:12,Running,11.73,1900-01-01 01:06:41,1900-01-01 00:05:41,10.55,63,143,missing
2013-11-16 09:00:24,Running,6.15,1900-01-01 00:32:46,1900-01-01 00:05:20,11.26,21,143,missing
2013-11-07 19:00:59,Running,9.47,1900-01-01 00:50:07,1900-01-01 00:05:18,11.33,53,143,missing
2013-11-02 09:15:18,Running,3.14,1900-01-01 00:18:23,1900-01-01 00:05:51,10.25,18,143,missing
2013-10-30 18:42:16,Running,5.81,1900-01-01 00:33:12,1900-01-01 00:05:43,10.49,32,143,missing
2013-10-23 18:51:35,Running,6.3,1900-01-01 00:35:41,1900-01-01 00:05:40,10.59,35,143,missing
2013-10-18 18:07:56,Running,12.53,1900-01-01 01:09:46,1900-01-01 00:05:34,10.77,74,143,missing
2013-10-15 18:28:14,Running,8.57,1900-01-01 00:49:35,1900-01-01 00:05:47,10.37,45,143,missing
2013-10-12 09:36:00,Running,6.36,1900-01-01 00:34:21,1900-01-01 00:05:24,11.11,35,143,missing
2013-10-10 18:08:08,Running,9.34,1900-01-01 00:50:21,1900-01-01 00:05:24,11.12,52,143,missing
2013-10-05 07:36:47,Running,6.36,1900-01-01 00:34:21,1900-01-01 00:05:24,11.1,35,143,missing
2013-09-30 18:50:38,Running,6.45,1900-01-01 00:32:41,1900-01-01 00:05:04,11.84,34,143,missing
2013-09-10 18:13:42,Running,12.72,1900-01-01 01:01:54,1900-01-01 00:04:52,12.33,398,143,missing
2013-09-02 19:10:44,Running,6.41,1900-01-01 00:32:23,1900-01-01 00:05:03,11.88,34,143,missing
2013-08-17 08:09:12,Running,6.45,1900-01-01 00:31:22,1900-01-01 00:04:52,12.32,30,143,missing
2013-08-15 18:49:50,Walking,2.48,1900-01-01 02:23:46,1900-01-01 00:57:56,1.04,67,143,missing
2013-08-14 18:17:00,Running,15.61,1900-01-01 01:25:55,1900-01-01 00:05:30,10.9,88,143,missing
2013-08-08 18:30:36,Running,12.47,1900-01-01 01:06:33,1900-01-01 00:05:20,11.24,61,143,missing
2013-08-08 07:56:08,Walking,1.51,1900-01-01 00:15:24,1900-01-01 00:10:11,5.89,6,143,missing
2013-08-04 08:27:54,Running,12.49,1900-01-01 01:06:24,1900-01-01 00:05:19,11.29,68,143,missing
2013-07-30 18:49:22,Running,12.47,1900-01-01 01:05:43,1900-01-01 00:05:16,11.39,67,143,missing
2013-07-21 07:57:30,Running,11.87,1900-01-01 01:00:37,1900-01-01 00:05:07,11.74,64,143,missing
2013-07-19 18:40:13,Running,1.72,1900-01-01 00:08:33,1900-01-01 00:04:58,12.07,6,143,missing
2013-07-18 07:47:00,Running,6.15,1900-01-01 00:32:36,1900-01-01 00:05:18,11.33,30,143,missing
2013-07-07 08:43:13,Running,3.75,1900-01-01 00:21:36,1900-01-01 00:05:46,10.41,56,143,missing
2013-07-06 07:15:00,Running,3.75,1900-01-01 00:21:12,1900-01-01 00:05:39,10.61,55,143,missing
2013-07-05 08:01:00,Running,3.75,1900-01-01 00:21:10,1900-01-01 00:05:39,10.63,55,143,missing
2013-07-03 07:20:00,Running,3.75,1900-01-01 00:21:55,1900-01-01 00:05:51,10.26,55,143,missing
2013-07-02 07:43:00,Running,3.75,1900-01-01 00:21:40,1900-01-01 00:05:47,10.38,55,143,missing
2013-07-01 07:09:00,Running,3.75,1900-01-01 00:21:10,1900-01-01 00:05:39,10.63,0,143,missing
2013-06-26 18:19:00,Running,16.0,1900-01-01 01:06:49,1900-01-01 00:04:11,14.37,0,143,missing
2013-06-22 08:05:20,Running,6.23,1900-01-01 00:32:25,1900-01-01 00:05:12,11.52,35,143,missing
2013-06-15 08:44:27,Running,6.37,1900-01-01 00:29:53,1900-01-01 00:04:41,12.79,36,143,missing
2013-06-12 18:21:40,Running,16.59,1900-01-01 01:09:29,1900-01-01 00:04:11,14.32,77,143,missing
2013-06-08 07:45:08,Running,6.35,1900-01-01 00:33:51,1900-01-01 00:05:20,11.24,36,143,missing
2013-06-03 07:04:59,Walking,1.33,1900-01-01 00:11:59,1900-01-01 00:09:03,6.63,5,143,missing
2013-06-01 07:24:07,Running,12.57,1900-01-01 01:06:30,1900-01-01 00:05:18,11.33,67,143,missing
2013-05-28 07:16:32,Running,6.5,1900-01-01 00:24:17,1900-01-01 00:03:44,16.05,30,143,missing
2013-05-21 18:45:38,Running,11.63,1900-01-01 01:00:35,1900-01-01 00:05:12,11.52,63,143,missing
2013-05-11 08:06:42,Running,6.15,1900-01-01 00:31:38,1900-01-01 00:05:08,11.67,32,143,missing
2013-05-09 17:24:19,Cycling,15.47,1900-01-01 00:38:08,1900-01-01 00:02:28,24.33,88,143,missing
2013-05-09 09:20:00,Running,6.53,1900-01-01 00:40:00,1900-01-01 00:06:08,9.79,0,143,missing
2013-05-05 14:26:37,Cycling,20.3,1900-01-01 01:06:29,1900-01-01 00:03:17,18.31,97,143,missing
2013-05-05 09:13:02,Running,6.41,1900-01-01 00:33:58,1900-01-01 00:05:18,11.33,34,143,missing
2013-05-04 08:47:51,Running,3.15,1900-01-01 00:16:35,1900-01-01 00:05:16,11.38,16,143,missing
2013-05-02 08:36:30,Running,6.21,1900-01-01 00:32:51,1900-01-01 00:05:18,11.33,36,143,missing
2013-05-01 08:14:59,Running,6.22,1900-01-01 00:32:29,1900-01-01 00:05:13,11.48,34,143,missing
2013-04-29 18:48:30,Walking,1.37,1900-01-01 00:22:39,1900-01-01 00:16:30,3.64,10,143,missing
2013-04-29 13:10:14,Walking,3.83,1900-01-01 00:38:30,1900-01-01 00:10:04,5.96,25,143,missing
2013-04-28 17:26:52,Cycling,13.87,1900-01-01 00:48:27,1900-01-01 00:03:30,17.17,133,143,missing
2013-04-28 10:56:47,Walking,1.32,1900-01-01 00:13:48,1900-01-01 00:10:30,5.72,5,143,missing
2013-04-28 09:02:23,Running,3.12,1900-01-01 00:16:36,1900-01-01 00:05:19,11.28,17,143,missing
2013-04-24 18:31:02,Running,6.25,1900-01-01 00:29:29,1900-01-01 00:04:43,12.71,33,143,missing
2013-04-18 21:48:44,Walking,1.5,1900-01-01 00:24:41,1900-01-01 00:16:28,3.64,9,143,missing
2013-04-17 19:27:15,Running,6.48,1900-01-01 00:32:49,1900-01-01 00:05:04,11.84,37,143,missing
2013-04-13 08:51:29,Running,6.34,1900-01-01 00:33:02,1900-01-01 00:05:13,11.51,33,143,missing
2013-03-20 18:49:59,Running,7.04,1900-01-01 00:40:12,1900-01-01 00:05:43,10.5,0,143,missing
2013-03-13 18:59:51,Running,6.41,1900-01-01 00:37:48,1900-01-01 00:05:54,10.17,35,143,missing
2013-03-11 18:27:56,Walking,1.86,1900-01-01 00:16:39,1900-01-01 00:08:56,6.72,16,143,missing
2013-02-28 18:46:54,Running,10.3,1900-01-01 01:02:36,1900-01-01 00:06:05,9.87,67,143,missing
2013-02-26 18:37:02,Running,9.53,1900-01-01 00:54:44,1900-01-01 00:05:45,10.45,52,143,missing
2013-02-22 19:23:38,Running,6.32,1900-01-01 00:35:58,1900-01-01 00:05:41,10.55,35,143,missing
2013-02-20 18:43:56,Running,9.59,1900-01-01 00:52:35,1900-01-01 00:05:29,10.94,52,143,missing
2013-02-15 18:46:00,Running,9.48,1900-01-01 00:50:29,1900-01-01 00:05:20,11.27,51,143,missing
2013-02-06 18:58:31,Running,3.07,1900-01-01 00:08:54,1900-01-01 00:02:54,20.72,9,143,missing
2013-01-23 18:38:29,Running,8.65,1900-01-01 00:50:13,1900-01-01 00:05:48,10.34,45,143,missing
2013-01-19 09:58:50,Running,3.39,1900-01-01 00:15:56,1900-01-01 00:04:42,12.75,15,143,missing
2013-01-15 18:40:08,Running,6.72,1900-01-01 00:32:42,1900-01-01 00:04:52,12.34,32,143,missing
2013-01-12 08:39:55,Running,3.09,1900-01-01 00:20:07,1900-01-01 00:06:31,9.21,13,143,missing
2013-01-02 18:35:11,Running,5.47,1900-01-01 00:31:24,1900-01-01 00:05:45,10.44,28,143,missing
2012-12-22 08:29:13,Running,3.05,1900-01-01 00:18:44,1900-01-01 00:06:09,9.76,17,143,missing
2012-12-15 09:43:53,Running,3.14,1900-01-01 00:20:08,1900-01-01 00:06:25,9.36,18,143,missing
2012-12-08 08:37:38,Running,3.21,1900-01-01 00:18:50,1900-01-01 00:05:53,10.21,18,143,missing
2012-12-04 18:52:39,Running,6.63,1900-01-01 00:32:05,1900-01-01 00:04:50,12.39,30,143,missing
2012-12-01 08:21:18,Running,3.31,1900-01-01 00:18:07,1900-01-01 00:05:28,10.97,18,143,missing
2012-11-28 18:58:02,Running,6.28,1900-01-01 00:37:29,1900-01-01 00:05:58,10.04,35,143,missing
2012-11-24 08:57:47,Running,2.65,1900-01-01 00:14:07,1900-01-01 00:05:20,11.27,15,143,missing
2012-11-18 09:51:18,Running,3.18,1900-01-01 00:17:13,1900-01-01 00:05:25,11.09,18,143,missing
2012-11-10 08:37:49,Running,2.85,1900-01-01 00:16:52,1900-01-01 00:05:55,10.14,16,143,missing
2012-11-07 18:54:35,Running,4.79,1900-01-01 00:27:16,1900-01-01 00:05:42,10.53,23,143,missing
2012-11-04 18:59:06,Walking,1.22,1900-01-01 00:12:05,1900-01-01 00:09:54,6.07,10,143,missing
2012-10-23 18:43:56,Running,5.2,1900-01-01 00:29:26,1900-01-01 00:05:40,10.59,27,143,missing
2012-10-20 08:37:33,Running,3.18,1900-01-01 00:19:28,1900-01-01 00:06:07,9.8,18,143,missing
2012-10-18 18:39:07,Running,3.7,1900-01-01 00:19:17,1900-01-01 00:05:13,11.51,20,143,missing
2012-10-16 20:27:31,Running,1.28,1900-01-01 00:13:17,1900-01-01 00:10:24,5.77,9,143,missing
2012-09-22 08:56:08,Running,3.16,1900-01-01 00:16:26,1900-01-01 00:05:13,11.52,18,143,missing
2012-09-15 08:05:15,Running,3.11,1900-01-01 00:16:58,1900-01-01 00:05:28,10.98,18,143,missing
2012-09-08 08:35:02,Running,3.27,1900-01-01 00:15:55,1900-01-01 00:04:52,12.32,15,143,missing
2012-09-04 19:12:17,Running,6.26,1900-01-01 00:32:35,1900-01-01 00:05:12,11.53,34,143,missing
2012-09-03 15:25:22,Walking,2.49,1900-01-01 00:26:58,1900-01-01 00:10:51,5.53,14,143,missing
2012-09-03 13:20:56,Walking,4.29,1900-01-01 00:39:25,1900-01-01 00:09:12,6.53,112,143,missing
2012-09-02 08:41:31,Running,3.14,1900-01-01 00:16:16,1900-01-01 00:05:11,11.56,18,143,missing
2012-08-30 07:10:21,Walking,1.43,1900-01-01 00:15:12,1900-01-01 00:10:40,5.63,7,143,I was feeling sick
2012-08-29 18:19:26,Walking,1.34,1900-01-01 00:13:14,1900-01-01 00:09:55,6.05,16,143,missing
2012-08-29 08:21:43,Walking,1.48,1900-01-01 00:14:48,1900-01-01 00:10:02,5.98,6,143,missing
2012-08-28 19:43:52,Walking,1.46,1900-01-01 00:13:24,1900-01-01 00:09:12,6.52,13,143,missing
2012-08-28 07:06:57,Walking,1.57,1900-01-01 00:13:39,1900-01-01 00:08:41,6.91,7,143,missing
2012-08-24 12:59:42,Walking,1.48,1900-01-01 00:17:56,1900-01-01 00:12:09,4.94,12,143,missing
2012-08-24 10:12:16,Walking,1.49,1900-01-01 00:13:43,1900-01-01 00:09:14,6.49,9,143,missing
2012-08-24 08:13:12,Running,3.15,1900-01-01 00:16:00,1900-01-01 00:05:05,11.82,17,143,missing
2012-08-22 18:53:54,Running,5.69,1900-01-01 00:31:08,1900-01-01 00:05:29,10.95,32,143,missing
